index,source_item_id,source,title,group,human,v1,v2_proposed,v2_modified,intent_level,intent_component,rcm_relevant,opportunity_type,human_confidence
1,110023:315757,aapc,Monthly Supply Billing,A,74,2.9,62.0,59.0,L1,15,True,indirect,high
2,110023:597120,aapc,,A,76,28.9,18.7,27.0,L1,15,True,indirect,high
3,143498:400662,aapc,CPT for Ganglion Impar Nerve Block,B,38,2.5,3.3,11.6,L1,15,True,monitoring,high
4,143498:400667,aapc,,B,32,2.8,3.3,11.6,L1,15,True,relationship,medium
5,143498:400674,aapc,,C,5,0.0,0.0,1.9,,10,False,none,high
6,143498:562666,aapc,,C,22,0.0,0.0,1.9,,10,False,monitoring,medium
7,143498:562777,aapc,,C,12,0.0,3.3,8.8,,10,False,none,high
8,143498:596930,aapc,,A,72,24.6,68.0,77.0,L1,15,True,indirect,high
9,143498:596970,aapc,,C,20,26.2,3.3,11.6,L1,15,True,promotion,medium
10,182458:499543,aapc,"Modifiers for 3 lines E/M code, 97140 (manual therapy), and 98926(manual manipulation)",A,58,2.9,24.0,33.0,L1,15,True,indirect,high
11,182458:499609,aapc,,C,25,1.8,3.3,8.8,,10,True,promotion,medium
12,182458:597135,aapc,,C,20,10.8,3.3,11.6,L1,15,True,monitoring,medium
13,206138:563773,aapc,76937 & 75710 with New LE Revascularization Codes,A,55,6.0,52.0,49.0,L1,15,True,indirect,high
14,206138:563859,aapc,,A,66,9.5,56.0,65.0,L1,15,True,indirect,high
15,206138:594547,aapc,,A,60,13.6,5.6,6.5,L1,15,True,indirect,high
16,206138:594628,aapc,,B,52,9.5,1.5,2.1,L0,10,True,indirect,medium
17,206138:595236,aapc,,A,55,12.0,1.5,2.1,L0,10,True,indirect,high
18,206138:595302,aapc,,A,58,13.8,56.0,60.0,L0,10,True,indirect,high
19,206138:596984,aapc,,C,28,0.0,0.3,0.9,,10,False,monitoring,medium
20,210840:568906,aapc,RPM 2026 codes,A,62,0.0,22.0,20.9,,10,False,indirect,high
21,210840:593327,aapc,,C,15,7.6,6.6,12.1,L0,10,True,none,high
22,210840:596784,aapc,,C,22,6.4,0.0,1.9,L0,10,True,promotion,medium
23,225947:584705,aapc,Consulting,A,88,6.2,40.0,43.0,L1,15,True,direct_lead,high
24,225947:597110,aapc,,B,45,6.6,24.2,29.7,,10,True,market_intel,high
25,227333:586200,aapc,29888 vs 27428,B,48,7.9,9.9,11.6,L1,15,True,indirect,high
26,227333:586252,aapc,,C,20,6.8,3.3,11.6,L1,15,True,promotion,medium
27,227333:586258,aapc,,C,25,3.4,3.3,8.8,,10,True,promotion,medium
28,227333:586273,aapc,,C,22,5.1,24.0,28.0,,10,True,monitoring,medium
29,227333:586327,aapc,,B,30,0.0,24.0,28.0,,10,False,monitoring,medium
30,227333:586336,aapc,,A,62,5.7,56.0,65.0,L1,15,True,indirect,high
31,227333:586420,aapc,,C,22,4.5,3.3,8.8,L0,10,True,promotion,medium
32,227333:586433,aapc,,C,8,3.4,0.0,0.2,,10,True,none,high
33,227333:597112,aapc,,B,42,0.0,24.0,28.0,,10,False,indirect,medium
34,227333:597132,aapc,,C,22,13.2,3.3,11.6,L1,15,True,promotion,medium
35,233908:593152,aapc,New LE Revascularization Codes - not in fee schedule,A,68,11.5,50.0,59.0,L1,15,True,indirect,high
36,233908:597103,aapc,,A,70,29.6,62.0,71.0,L1,15,True,indirect,high
37,233934:593216,aapc,87150 & 87798 denials,A,74,16.8,90.0,87.0,L1,15,True,indirect,high
38,233934:595306,aapc,,A,66,16.6,66.0,75.0,L1,15,True,indirect,high
39,233934:595796,aapc,,C,25,3.2,3.3,8.8,,10,True,promotion,medium
40,233934:596748,aapc,,A,62,4.9,56.0,60.0,L0,10,True,indirect,high
41,233934:596847,aapc,,A,72,24.3,28.6,30.3,L1,15,True,market_intel,high
42,235685:595380,aapc,First Health system,C,12,0.0,0.2,0.2,,10,False,none,high
43,236004:595911,aapc,BCBS policy - 59 modifier question,A,64,20.8,84.0,81.0,L1,15,True,indirect,high
44,236004:595912,aapc,,C,25,17.4,3.3,11.6,L1,15,True,promotion,medium
45,236004:595917,aapc,,C,22,0.0,0.0,1.9,,10,False,promotion,medium
46,236004:595944,aapc,,B,40,20.5,30.0,39.0,L1,15,True,market_intel,medium
47,236096:596116,aapc,UHC Xrays,A,66,16.0,30.0,34.0,L0,10,True,market_intel,high
48,236096:596853,aapc,,C,25,0.0,0.6,0.8,,10,False,monitoring,medium
49,236128:596200,aapc,Medicare Denial on RFA's,A,78,25.3,90.0,87.0,L1,15,True,indirect,high
50,236128:596815,aapc,,B,35,13.9,9.9,15.4,,10,True,promotion,high
51,236134:596215,aapc,Lumbar Transforaminal and BBB anesthesia,B,40,0.0,3.3,8.8,,10,False,indirect,medium
52,236134:596221,aapc,,C,15,0.0,0.3,0.9,,10,False,none,high
53,236134:596816,aapc,,C,28,0.0,1.2,1.8,,10,False,monitoring,medium
54,236250:596495,aapc,KX modifier related questions,A,62,14.6,13.2,14.9,L1,15,True,indirect,high
55,236250:596511,aapc,,B,32,12.7,22.0,27.5,,10,True,promotion,high
56,236250:596532,aapc,,C,8,13.6,0.0,0.2,,10,True,none,high
57,236255:596502,aapc,Modifier 33,B,32,4.8,3.3,8.8,L0,10,True,monitoring,medium
58,236257:596506,aapc,SA modifier for BCBSM,A,60,19.2,42.0,39.0,L1,15,True,promotion,high
59,236257:596508,aapc,,C,28,13.6,0.0,2.9,L1,15,True,promotion,medium
60,236257:596951,aapc,,B,32,4.2,0.0,1.9,,10,True,market_intel,medium
61,236257:597025,aapc,,B,38,12.5,0.0,2.9,L1,15,True,indirect,medium
62,236311:596603,aapc,Endotracheal tube placement,B,35,0.0,0.3,0.9,,10,False,indirect,medium
63,236311:596814,aapc,,C,15,0.0,3.3,8.8,,10,False,none,high
64,236326:596639,aapc,X-RAYS,A,64,14.0,46.0,55.0,L1,15,True,indirect,high
65,236330:596643,aapc,Medicaid vs Non-Medicaid Providers,B,46,13.4,30.0,39.0,L1,15,True,indirect,medium
66,236367:596719,aapc,Hernia repair with laparoscopic sleeve gastrectomy,A,56,17.4,58.0,50.0,,10,True,indirect,high
67,236367:596739,aapc,,C,25,7.1,3.3,8.8,L0,10,True,promotion,medium
68,236384:596762,aapc,NC Medicaid Telehealth Codes,A,72,26.3,72.0,81.0,L1,15,True,indirect,high
69,236384:597111,aapc,,C,28,34.0,3.3,11.6,L1,15,True,promotion,low
70,236386:596770,aapc,PAE,B,38,12.2,0.0,2.9,L1,15,True,promotion,medium
71,236390:596776,aapc,"A0998, Ambulance response and treatment, no transport questions",A,58,14.7,5.4,6.0,L1,15,True,indirect,high
72,236390:596989,aapc,,B,52,0.0,0.2,0.4,,10,False,indirect,high
73,236415:596831,aapc,Medicare/Medicaid SLMB patient responsibility,B,48,14.9,30.0,39.0,L1,15,True,indirect,medium
74,236415:596834,aapc,,C,25,15.7,6.6,14.9,L1,15,True,promotion,medium
75,236449:596907,aapc,36246 OR 36247 FOR MEDIAN SACRAL ARTERY ANGIOGRAPHY FOR SPINAL ISSUE,C,25,0.0,3.3,8.8,,10,False,monitoring,medium
76,236466:596957,aapc,Wrist or hand procedure?,B,50,8.8,40.0,49.0,L1,15,True,indirect,high
77,236466:596973,aapc,,C,25,5.8,3.3,8.8,,10,True,promotion,medium
78,236466:597060,aapc,,C,8,6.1,0.0,0.2,,10,True,none,high
79,236470:596963,aapc,How are others handling access to medical records for pre-payment medical bill reviews?,B,35,22.0,9.8,12.9,L1,15,True,market_intel,high
80,236471:596964,aapc,"Arthroscopic assisted AC Joint Reconstruction, unlisted code?",B,35,0.0,9.9,8.8,,10,False,indirect,medium
81,236471:596972,aapc,,C,22,9.9,3.3,8.8,L0,10,True,promotion,medium
82,236477:596981,aapc,Pulmonary thrombolysis / thrombectomy,B,32,0.0,3.3,8.8,,10,False,monitoring,medium
83,236480:596986,aapc,wrvu,B,42,0.0,0.0,0.2,,10,False,indirect,medium
84,236480:596998,aapc,,B,30,19.2,3.3,11.6,L1,15,True,promotion,medium
85,236480:597019,aapc,,C,8,0.0,0.0,0.2,,10,False,none,high
86,236509:597050,aapc,PCS supplement code question in hernias,B,35,21.7,24.0,33.0,L1,15,True,indirect,medium
87,236514:597064,aapc,Uniform LCD for peripheral nerve injections and RFA for chronic pain management,A,70,24.4,9.9,15.4,L0,10,True,market_intel,high
88,236527:597086,aapc,93294 AND 93296 DENYING AS POS PER MEDICARE,A,74,39.6,90.0,87.0,L1,15,True,indirect,high
89,236536:597114,aapc,90966 with Modifier 52,B,44,8.6,3.3,11.6,L1,15,True,indirect,medium
90,236539:597119,aapc,CPT 95165,A,76,26.8,90.0,87.0,L1,15,True,indirect,high
91,236540:597121,aapc,DOES ANYONE IN CA. HAVE EXPERIENCE WITH ENTERAL NUTRITION CROSSOVER CLAIMS?,A,70,24.1,42.0,39.0,L1,15,True,indirect,high
92,236541:597122,aapc,Modifier for 98943,C,24,10.0,3.3,11.6,L1,15,True,monitoring,medium
93,236542:597123,aapc,63047 denials that do not make sense.,A,76,33.2,95.0,95.0,L1,15,True,indirect,high
94,25078:78736,aapc,Dural Repair,B,30,0.0,0.0,1.9,,10,False,monitoring,medium
95,25078:78756,aapc,,B,30,0.0,0.0,1.9,,10,False,market_intel,high
96,25078:78759,aapc,,C,20,0.0,3.3,8.8,,10,False,promotion,medium
97,25078:78763,aapc,,C,5,0.0,0.0,0.2,,10,False,none,high
98,25078:78870,aapc,,C,3,0.0,0.0,0.2,,10,False,none,high
99,25078:487991,aapc,,B,35,2.0,24.0,33.0,L1,15,True,indirect,medium
100,25078:597099,aapc,,C,25,0.0,24.0,28.0,,10,False,monitoring,high
101,25078:597100,aapc,,C,20,15.8,9.9,18.2,L1,15,True,promotion,medium
102,25078:597138,aapc,,B,35,18.3,24.0,33.0,L1,15,True,indirect,medium
103,7507866408840630272,linkedin,,C,18,17.6,6.5,8.5,,10,True,promotion,high
104,7508180505301798912,linkedin,,C,15,21.5,8.5,10.4,,10,True,none,high
105,7508180876829089792,linkedin,,C,15,21.5,8.5,10.4,,10,True,none,high
106,7508270551371550721,linkedin,,B,40,29.7,24.2,29.7,,10,True,market_intel,high
107,7508285345655054336,linkedin,,C,25,18.9,8.5,10.4,,10,True,monitoring,medium
108,7508440054151684096,linkedin,,C,8,18.6,4.2,6.2,L0,10,True,none,high
109,7508442707116187648,linkedin,,C,20,23.8,60.0,70.0,,10,True,market_intel,high
110,7508452696669044736,linkedin,,B,35,22.9,6.5,9.4,L1,15,True,promotion,medium
111,7508454151522197504,linkedin,,C,0,0.0,0.0,0.0,,10,False,none,high
112,7508454860871286784,linkedin,,B,38,17.8,17.6,23.1,,10,True,market_intel,high
113,7508458234157027328,linkedin,,C,0,0.0,0.0,0.2,,10,False,none,high
114,7508460867655606272,linkedin,,C,0,0.0,0.0,0.2,,10,False,none,high
115,7508462205407973376,linkedin,,C,2,0.0,0.0,0.1,,10,False,none,high
116,7508467768917295104,linkedin,,C,0,0.0,0.0,0.1,,10,False,none,high
117,7508471881587658752,linkedin,,C,16,18.8,12.1,17.6,,10,True,promotion,high
118,7508480009964179456,linkedin,,C,0,5.6,2.9,3.1,,10,True,none,high
119,7508480031162134528,linkedin,,C,0,0.0,0.1,0.1,,10,False,none,high
120,7508480042339823617,linkedin,,B,30,31.1,27.3,30.4,L1,15,True,market_intel,high
121,7508480179653201920,linkedin,,C,0,0.0,0.0,0.0,,10,False,none,high
122,7508480184124178432,linkedin,,C,0,0.0,0.0,0.0,,10,False,none,high
123,7508480212616155136,linkedin,,C,0,0.0,0.1,0.1,,10,False,none,high
124,7508480241493954561,linkedin,,C,0,4.2,0.0,1.9,,10,True,none,high
125,7508480255662202881,linkedin,,B,42,10.6,60.0,64.0,,10,True,market_intel,high
126,7508480285802426368,linkedin,,C,0,0.0,0.0,0.7,,10,False,none,high
127,7508480289128587265,linkedin,,C,5,14.9,2.2,2.7,,10,True,none,high
128,7508480302051221504,linkedin,,B,36,22.9,17.6,23.1,,10,True,market_intel,high
129,7508480308342693888,linkedin,,C,0,11.0,0.0,0.7,,10,True,none,high
130,7508480356493221888,linkedin,,C,0,0.0,0.1,0.1,,10,False,none,high
131,7508480386637799424,linkedin,,C,0,0.0,0.6,0.8,,10,False,none,high
132,7508480392073465856,linkedin,,C,0,5.6,2.9,3.1,,10,True,none,high
133,1vfddl7,reddit,MD from Dominican Republic transitioning to remote Medical Billing.,C,10,2.5,2.3,2.9,L1,15,True,none,high
134,1vfiji8,reddit,Anybody do the certification through AAPC website for CPC?,C,5,0.0,0.2,0.2,,10,False,none,high
135,1vr3ncs,reddit,Medical billers — how do you actually handle a CO-16 corrected claim?,B,48,4.0,4.2,4.8,L1,15,True,promotion,medium
136,1vr3umd,reddit,How do you actually rework a CO-16 corrected claim — what's your process?,B,48,3.8,4.2,4.8,L1,15,True,promotion,medium
137,1wirqon,reddit,Where does Charlotte get the time?,C,0,0.0,0.0,0.2,,10,False,none,high
138,1wivaik,reddit,realized i dont actually like the show,C,0,0.0,0.0,0.2,,10,False,none,high
139,1wj0fov,reddit,Finally made it to Amelia…,C,0,0.0,0.0,0.2,,10,False,none,high
140,1wk290u,reddit,Poor Betsy,C,0,0.0,0.0,0.2,,10,False,none,high
141,1wks93c,reddit,How/Where to access Coding Clinics?,C,22,0.0,0.0,1.9,,10,False,monitoring,medium
142,1wm177o,reddit,Season 4 Episode 21 (spoilers),C,0,0.0,0.0,0.2,,10,False,none,high
143,1wmyps7,reddit,Do you think it's possible in the current state of the profession to be a safe NP?,C,0,0.0,0.1,0.2,,10,False,none,high
144,1wn89v6,reddit,How does it look to hold a RHIT & CCA?,C,5,0.0,0.0,0.2,,10,False,none,high
145,1wn8uoi,reddit,New moderators needed! Comment on this post to apply for this community.,C,0,0.0,0.0,0.2,,10,False,none,high
146,1wn9sre,reddit,New MFN deal details reignite concerns that Trump's pricing policy favors pharma,C,3,0.0,0.0,0.2,,10,False,none,high
147,1wncgn7,reddit,Should I specialize or do codify?,C,5,2.1,2.3,2.9,L1,15,True,none,high
148,1wnd9z6,reddit,Wound Coders,A,58,2.8,44.0,47.0,L1,15,True,indirect,high
149,1wnfvwf,reddit,Houston MA,C,0,0.0,0.2,0.4,,10,False,none,high
150,1wnj6wg,reddit,On the job education,B,52,3.1,1.9,4.8,L1,15,True,promotion,high
151,1wnmaox,reddit,Appropriate disability coverage and cost?,C,0,2.2,0.0,0.3,L1,15,True,none,high
152,1wnms9i,reddit,how effed am i?,C,0,0.0,0.2,0.2,,10,False,none,high
153,1wnoalg,reddit,Patients not wanting to follow up for visit to review abnormal results….?,C,20,0.0,0.4,0.4,,10,False,monitoring,medium
154,1wnopgw,reddit,Is anybody else sickened by the way American Healthcare allocates resources?,C,2,0.0,6.3,7.7,,10,False,none,high
155,1wnpdnj,reddit,Need urgent help w/ picking a stethoscope,C,0,0.0,0.2,0.4,,10,False,none,high
156,1wnphgu,reddit,Recommendation: Penn Primary Care Podcast,C,0,0.0,0.0,0.2,,10,False,none,high
157,1wnt2ku,reddit,Has anyone here ever transitioned from Cerner to Epic?,B,30,0.0,0.2,0.2,,10,False,monitoring,medium
158,1wntvee,reddit,Pre-op,C,5,0.0,0.0,0.2,,10,False,none,medium
159,1wnvkph,reddit,What doors does medical assisting open in the future?,C,0,0.0,0.0,0.2,,10,False,none,high
160,1wnwmxw,reddit,What’s my probability of getting into an apprenticeship? 👀,C,0,0.0,0.2,0.2,,10,False,none,high
161,1wnwqeu,reddit,What would you do in my situation?,C,18,0.0,1.9,3.8,,10,False,monitoring,medium
162,1wnxp4z,reddit,Silly chair question,C,0,0.0,0.4,0.4,,10,False,none,high
163,1wnxq56,reddit,Marketing myself when at two practices with two different contact details?,C,12,0.0,0.0,0.2,,10,False,monitoring,medium
164,1wnzn5c,reddit,Rate This Offer,C,15,0.8,0.0,0.2,,10,True,monitoring,medium
165,1wnzyw4,reddit,"Regarding marathon sleep deprivation, in medical work contexts",C,0,0.0,0.0,0.2,,10,False,none,high
166,1wo0j07,reddit,Couples Therapy - When a Partner Attends but Doesn’t Engage: What Has Helped You?,C,0,4.4,6.0,6.3,L1,15,True,none,high
167,1wo1kzo,reddit,The Miracle question. Who finds it unhelpful and even demeaning?,C,0,0.0,1.4,1.1,,10,False,none,high
