index,source_item_id,source,conversation_id,is_reply,title,channel,human_opportunity_score,human_relevance,opportunity_type,recommended_action,pain_severity,recurrence,intent_level,service_fit,actionability,practice_side_evidence,human_confidence,reason,label_basis
1,110023:315757,aapc,110023,False,Monthly Supply Billing,billing_reimbursement,74,highly_relevant,indirect,investigate,high,recurring,L1,high,medium,True,high,"DME biller: crossover claims repeatedly unpaid, names the mechanism, asks peers. Live revenue leakage with no vendor in sight.","model-proposed, blind to pipeline scores; human validation pending"
2,110023:597120,aapc,110023,True,,billing_reimbursement,76,highly_relevant,indirect,contact,high,recurring,L1,high,medium,True,high,"DME supply store structurally cannot collect the secondary on ALL formula codes because only pharmacies may bill Medi-Cal Rx. Permanent, quantifiable leakage.","model-proposed, blind to pipeline scores; human validation pending"
3,143498:400662,aapc,143498,False,CPT for Ganglion Impar Nerve Block,anesthesia,38,relevant,monitoring,monitor,low,one_off,L1,medium,low,True,high,Pure CPT selection question for a ganglion impar block. Pain-management adjacent but no payment problem stated.,"model-proposed, blind to pipeline scores; human validation pending"
4,143498:400667,aapc,143498,True,,anesthesia,32,somewhat,relationship,monitor,none,one_off,L0,low,medium,True,medium,"Expert answer signed by a coder at a named pain-management center. No pain, but it identifies a pain practice and a knowledgeable contact.","model-proposed, blind to pipeline scores; human validation pending"
5,143498:400674,aapc,143498,True,,anesthesia,5,not_relevant,none,ignore,none,one_off,none,none,low,True,high,Thank-you acknowledgement.,"model-proposed, blind to pipeline scores; human validation pending"
6,143498:562666,aapc,143498,True,,anesthesia,22,somewhat,monitoring,monitor,low,one_off,L1,low,low,True,medium,One-line bump asking whether the code changed in 2025.,"model-proposed, blind to pipeline scores; human validation pending"
7,143498:562777,aapc,143498,True,,anesthesia,12,borderline,none,ignore,none,one_off,L0,low,low,True,high,One-line answer restating the unlisted code.,"model-proposed, blind to pipeline scores; human validation pending"
8,143498:596930,aapc,143498,True,,anesthesia,72,highly_relevant,indirect,contact,high,recurring,L1,high,medium,True,high,Two named payers actively denying a pain-management procedure code. Named payer plus named code plus current denials is the most actionable shape in the corpus.,"model-proposed, blind to pipeline scores; human validation pending"
9,143498:596970,aapc,143498,True,,anesthesia,20,somewhat,promotion,monitor,none,one_off,L0,low,low,True,medium,Expert reply asking for coding examples.,"model-proposed, blind to pipeline scores; human validation pending"
10,182458:499543,aapc,182458,False,"Modifiers for 3 lines E/M code, 97140 (manual therapy), and 98926(manual manipulation)",modifiers,58,relevant,indirect,investigate,medium,recurring,L1,high,medium,True,high,"Only one of three lines pays. Underpayment on every such visit, and the biller does not know how to fix it.","model-proposed, blind to pipeline scores; human validation pending"
11,182458:499609,aapc,182458,True,,modifiers,25,somewhat,promotion,monitor,none,one_off,L0,medium,low,True,medium,Expert CCI edit explanation; evidence of where practices get modifiers wrong.,"model-proposed, blind to pipeline scores; human validation pending"
12,182458:597135,aapc,182458,True,,modifiers,20,somewhat,monitoring,monitor,low,one_off,L1,low,low,True,medium,Fragmentary follow-up naming three codes.,"model-proposed, blind to pipeline scores; human validation pending"
13,206138:563773,aapc,206138,False,76937 & 75710 with New LE Revascularization Codes,interventional_radiology,55,relevant,indirect,investigate,medium,one_off,L1,high,medium,True,high,New 2026 lower-extremity revascularization codes versus imaging guidance. Genuine unresolved billing ambiguity on high-dollar procedures.,"model-proposed, blind to pipeline scores; human validation pending"
14,206138:563859,aapc,206138,True,,interventional_radiology,66,highly_relevant,indirect,contact,high,recurring,L1,high,medium,True,high,Receiving denials and their coding software does not carry the new code relationships. Tooling gap plus revenue loss.,"model-proposed, blind to pipeline scores; human validation pending"
15,206138:594547,aapc,206138,True,,interventional_radiology,60,highly_relevant,indirect,investigate,medium,recurring,L1,high,medium,True,high,Second practice confirming the same denials. Corroboration turns one complaint into a payer-level pattern.,"model-proposed, blind to pipeline scores; human validation pending"
16,206138:594628,aapc,206138,True,,interventional_radiology,52,relevant,indirect,monitor,medium,recurring,L1,medium,medium,True,medium,Third practice asking whether others see 37252 denials.,"model-proposed, blind to pipeline scores; human validation pending"
17,206138:595236,aapc,206138,True,,interventional_radiology,55,relevant,indirect,investigate,medium,recurring,L1,medium,medium,True,high,Confirms 37252 denials for the same root cause.,"model-proposed, blind to pipeline scores; human validation pending"
18,206138:595302,aapc,206138,True,,interventional_radiology,58,relevant,indirect,investigate,medium,recurring,L1,high,medium,True,high,Denials for incidental-to-primary on a code they believe is separately billable. Disputed revenue.,"model-proposed, blind to pipeline scores; human validation pending"
19,206138:596984,aapc,206138,True,,interventional_radiology,28,somewhat,monitoring,monitor,low,one_off,L1,medium,low,True,medium,Short bundling question.,"model-proposed, blind to pipeline scores; human validation pending"
20,210840:568906,aapc,210840,False,RPM 2026 codes,medicare_regulations,62,highly_relevant,indirect,investigate,medium,recurring,L1,high,medium,True,high,Managed care plans denying the new RPM code and CMS guidance cannot be found. New-code payer lag is a repeating theme.,"model-proposed, blind to pipeline scores; human validation pending"
21,210840:593327,aapc,210840,True,,medicare_regulations,15,borderline,none,ignore,none,one_off,L0,low,low,True,high,Bare CMS link.,"model-proposed, blind to pipeline scores; human validation pending"
22,210840:596784,aapc,210840,True,,medicare_regulations,22,somewhat,promotion,monitor,none,one_off,L0,medium,low,True,medium,Advice to check payer policy; notes payers restrict by indication.,"model-proposed, blind to pipeline scores; human validation pending"
23,225947:584705,aapc,225947,False,Consulting,general_discussion,88,highly_relevant,direct_lead,contact,high,recurring,L2,high,high,True,high,"A physician practice has four months of unworked Waystar clearinghouse rejections and is actively seeking outside help. The clearest live RCM engagement in the corpus, and the author is a competitor for it.","model-proposed, blind to pipeline scores; human validation pending"
24,225947:597110,aapc,225947,True,,general_discussion,45,relevant,market_intel,payer_intel,none,one_off,L0,medium,medium,False,high,Consultant reply pricing this work at 200 dollars an hour with a flat-assessment-then-hourly structure. Direct competitive pricing intelligence.,"model-proposed, blind to pipeline scores; human validation pending"
25,227333:586200,aapc,227333,False,29888 vs 27428,orthopaedics,48,relevant,indirect,educate,medium,recurring,L1,medium,medium,True,high,"Coder versus surgeon dispute over ACL coding, needing authoritative backup. Compliance and audit exposure.","model-proposed, blind to pipeline scores; human validation pending"
26,227333:586252,aapc,227333,True,,orthopaedics,20,somewhat,promotion,monitor,none,one_off,L0,low,low,True,medium,Peer suggestion to check pre-authorization and CPT Assistant.,"model-proposed, blind to pipeline scores; human validation pending"
27,227333:586258,aapc,227333,True,,orthopaedics,25,somewhat,promotion,monitor,none,one_off,L0,medium,low,True,medium,Authoritative CPT Assistant citation from a surgeon.,"model-proposed, blind to pipeline scores; human validation pending"
28,227333:586273,aapc,227333,True,,orthopaedics,22,somewhat,monitoring,monitor,low,one_off,L1,low,low,True,medium,Operative note pasted with a request for a side-by-side comparison.,"model-proposed, blind to pipeline scores; human validation pending"
29,227333:586327,aapc,227333,True,,orthopaedics,30,somewhat,monitoring,monitor,low,one_off,L1,medium,low,True,medium,Asks whether the tenodesis is separately codable.,"model-proposed, blind to pipeline scores; human validation pending"
30,227333:586336,aapc,227333,True,,orthopaedics,62,highly_relevant,indirect,investigate,medium,recurring,L1,high,medium,True,high,"They bill 27427 knowing it bundles, and when the payer does not consider both codes they are paid at the lesser value. Self-described ongoing underpayment.","model-proposed, blind to pipeline scores; human validation pending"
31,227333:586420,aapc,227333,True,,orthopaedics,22,somewhat,promotion,monitor,none,one_off,L0,medium,low,True,medium,Surgeon peer decisively resolving the coding dispute.,"model-proposed, blind to pipeline scores; human validation pending"
32,227333:586433,aapc,227333,True,,orthopaedics,8,not_relevant,none,ignore,none,one_off,none,none,low,True,high,Thank-you.,"model-proposed, blind to pipeline scores; human validation pending"
33,227333:597112,aapc,227333,True,,orthopaedics,42,relevant,indirect,educate,medium,one_off,L1,medium,medium,True,medium,"BEAR implant versus standard ACL coding, with the provider pushing an aggressive code again.","model-proposed, blind to pipeline scores; human validation pending"
34,227333:597132,aapc,227333,True,,orthopaedics,22,somewhat,promotion,monitor,none,one_off,L0,medium,low,True,medium,Expert answer on BEAR implant coding.,"model-proposed, blind to pipeline scores; human validation pending"
35,233908:593152,aapc,233908,False,New LE Revascularization Codes - not in fee schedule,interventional_radiology,68,highly_relevant,indirect,contact,high,recurring,L1,high,medium,True,high,"New codes absent from the payer fee schedule, so claims deny as invalid CPT. A whole procedure line stalled with no workaround known.","model-proposed, blind to pipeline scores; human validation pending"
36,233908:597103,aapc,233908,True,,interventional_radiology,70,highly_relevant,indirect,contact,high,recurring,L1,high,medium,True,high,"Molina New Mexico denying for no fee schedule despite an approved authorization, and already appealing. Named payer, named state, active escalation.","model-proposed, blind to pipeline scores; human validation pending"
37,233934:593216,aapc,233934,False,87150 & 87798 denials,medicare_regulations,74,highly_relevant,indirect,contact,high,recurring,L1,high,medium,True,high,"Lab panel codes that used to pay in full now denying. Named codes, named payer, a clear before-and-after, real dollars per panel.","model-proposed, blind to pipeline scores; human validation pending"
38,233934:595306,aapc,233934,True,,medicare_regulations,66,highly_relevant,indirect,investigate,high,recurring,L1,high,medium,True,high,Second lab with all 13 units of 87798 denied. Corroborates a payer edit change.,"model-proposed, blind to pipeline scores; human validation pending"
39,233934:595796,aapc,233934,True,,medicare_regulations,25,somewhat,promotion,monitor,none,one_off,L0,medium,low,True,medium,Peer advice to stop using the amplified probe code.,"model-proposed, blind to pipeline scores; human validation pending"
40,233934:596748,aapc,233934,True,,medicare_regulations,62,highly_relevant,indirect,investigate,high,recurring,L1,high,medium,True,high,"Was paid at ten units, now denied altogether. Documents the payer tightening in real time.","model-proposed, blind to pipeline scores; human validation pending"
41,233934:596847,aapc,233934,True,,medicare_regulations,72,highly_relevant,market_intel,payer_intel,medium,recurring,L1,high,medium,True,high,Names the exact mechanism: Novitas automated edits capping 87798 at two units with Remark N35. Reusable payer intelligence plus a third affected practice.,"model-proposed, blind to pipeline scores; human validation pending"
42,235685:595380,aapc,235685,False,First Health system,payer_health_plan,12,borderline,none,ignore,none,one_off,L1,low,low,True,high,Asking for a provider portal link.,"model-proposed, blind to pipeline scores; human validation pending"
43,236004:595911,aapc,236004,False,BCBS policy - 59 modifier question,payer_health_plan,64,highly_relevant,indirect,contact,high,recurring,L1,high,medium,True,high,"A bunch of denials on multi-procedure claims using modifier 59, and the payer policy language is not understood.","model-proposed, blind to pipeline scores; human validation pending"
44,236004:595912,aapc,236004,True,,payer_health_plan,25,somewhat,promotion,monitor,none,one_off,L0,medium,low,True,medium,Clear worked example of correct versus incorrect modifier 59 use.,"model-proposed, blind to pipeline scores; human validation pending"
45,236004:595917,aapc,236004,True,,payer_health_plan,22,somewhat,promotion,monitor,none,one_off,L0,medium,low,True,medium,Commentary on blanket modifier abuse.,"model-proposed, blind to pipeline scores; human validation pending"
46,236004:595944,aapc,236004,True,,payer_health_plan,40,relevant,market_intel,payer_intel,low,recurring,L0,medium,medium,True,medium,Mississippi BCBS requires XU rather than 59. Small but concrete payer-specific rule.,"model-proposed, blind to pipeline scores; human validation pending"
47,236096:596116,aapc,236096,False,UHC Xrays,general_discussion,66,highly_relevant,market_intel,payer_intel,medium,recurring,L1,high,medium,True,high,First-hand account of a UHC policy change altering professional-component payment across two months. Both a practice problem and reusable payer intelligence.,"model-proposed, blind to pipeline scores; human validation pending"
48,236096:596853,aapc,236096,True,,general_discussion,25,somewhat,monitoring,monitor,low,one_off,L0,medium,low,True,medium,"Not affected yet, thanks for the warning. Confirms the policy is spreading.","model-proposed, blind to pipeline scores; human validation pending"
49,236128:596200,aapc,236128,False,Medicare Denial on RFA's,anesthesia,78,highly_relevant,indirect,contact,high,recurring,L1,high,high,True,high,"Medicare denying radiofrequency ablation despite met LCD criteria and correct KX placement, with contradictory guidance given on the phone. Core interventional-pain revenue, high dollar, escalation already attempted.","model-proposed, blind to pipeline scores; human validation pending"
50,236128:596815,aapc,236128,True,,anesthesia,35,relevant,promotion,respond,low,one_off,L0,high,medium,True,high,Expert points to the Noridian article contradicting the payer. Demonstrates exactly the expertise an RCM firm sells.,"model-proposed, blind to pipeline scores; human validation pending"
51,236134:596215,aapc,236134,False,Lumbar Transforaminal and BBB anesthesia,anesthesia,40,relevant,indirect,monitor,low,one_off,L1,medium,low,True,medium,Anesthesia code selection for lumbar transforaminal and branch blocks. Pain-management relevant.,"model-proposed, blind to pipeline scores; human validation pending"
52,236134:596221,aapc,236134,True,,anesthesia,15,borderline,none,ignore,none,one_off,L0,low,low,True,high,One-line code answer.,"model-proposed, blind to pipeline scores; human validation pending"
53,236134:596816,aapc,236134,True,,anesthesia,28,somewhat,monitoring,monitor,low,one_off,L0,medium,low,True,medium,Warns a denial is likely and a separate letter may be needed.,"model-proposed, blind to pipeline scores; human validation pending"
54,236250:596495,aapc,236250,False,KX modifier related questions,modifiers,62,highly_relevant,indirect,educate,medium,recurring,L1,high,medium,True,high,"Carefully reasoned KX modifier question on facet and medial branch blocks. Interventional pain, frequency limits, direct revenue consequence.","model-proposed, blind to pipeline scores; human validation pending"
55,236250:596511,aapc,236250,True,,modifiers,32,somewhat,promotion,respond,low,one_off,L0,high,medium,True,high,Corrects the premise and cites the LCD. Strong demonstration of domain authority.,"model-proposed, blind to pipeline scores; human validation pending"
56,236250:596532,aapc,236250,True,,modifiers,8,not_relevant,none,ignore,none,one_off,none,none,low,True,high,Thank-you.,"model-proposed, blind to pipeline scores; human validation pending"
57,236255:596502,aapc,236255,False,Modifier 33,modifiers,32,somewhat,monitoring,monitor,low,one_off,L1,medium,low,True,medium,Asks whether modifier 33 on 96127 reflects a new ACA ruling.,"model-proposed, blind to pipeline scores; human validation pending"
58,236257:596506,aapc,236257,False,SA modifier for BCBSM,modifiers,60,highly_relevant,promotion,educate,medium,one_off,L1,high,high,True,high,"Payer changing incident-to rules, practice just starting to bill for a nurse practitioner, and explicitly asking for classes or videos. An education-led entry point with a stated training gap.","model-proposed, blind to pipeline scores; human validation pending"
59,236257:596508,aapc,236257,True,,modifiers,28,somewhat,promotion,monitor,none,one_off,L0,medium,low,True,medium,Confirms the modifier change and points to the payer FAQ.,"model-proposed, blind to pipeline scores; human validation pending"
60,236257:596951,aapc,236257,True,,modifiers,32,relevant,market_intel,payer_intel,low,one_off,L0,medium,medium,True,medium,Gives the exact phase-in dates for the incident-to change.,"model-proposed, blind to pipeline scores; human validation pending"
61,236257:597025,aapc,236257,True,,modifiers,38,relevant,indirect,educate,low,one_off,L1,medium,medium,True,medium,Follow-up seeking confirmation on when the modifier applies and to which codes. Still unresolved.,"model-proposed, blind to pipeline scores; human validation pending"
62,236311:596603,aapc,236311,False,Endotracheal tube placement,anesthesia,35,relevant,indirect,monitor,low,one_off,L1,medium,low,True,medium,Whether anesthesia is separately billable with emergent intubation.,"model-proposed, blind to pipeline scores; human validation pending"
63,236311:596814,aapc,236311,True,,anesthesia,15,borderline,none,ignore,none,one_off,L0,low,low,True,high,One-line bundling answer.,"model-proposed, blind to pipeline scores; human validation pending"
64,236326:596639,aapc,236326,False,X-RAYS,modifiers,64,highly_relevant,indirect,contact,high,recurring,L1,high,medium,True,high,"Cannot keep up with how insurances want these x-rays billed, plus a named payer bundling denial. Explicit overwhelm is the clearest outsourcing trigger in the corpus.","model-proposed, blind to pipeline scores; human validation pending"
65,236330:596643,aapc,236330,False,Medicaid vs Non-Medicaid Providers,payer_health_plan,46,relevant,indirect,educate,low,recurring,L1,medium,medium,True,medium,Medicaid self-pay compliance question with real balance-billing risk.,"model-proposed, blind to pipeline scores; human validation pending"
66,236367:596719,aapc,236367,False,Hernia repair with laparoscopic sleeve gastrectomy,payer_health_plan,56,relevant,indirect,educate,medium,recurring,L1,high,medium,True,high,Surgeon pressuring the coder to append 59 on every case. Compliance and audit exposure the coder is resisting alone.,"model-proposed, blind to pipeline scores; human validation pending"
67,236367:596739,aapc,236367,True,,payer_health_plan,25,somewhat,promotion,monitor,none,one_off,L0,medium,low,True,medium,Explains when the hernia repair is separately reportable.,"model-proposed, blind to pipeline scores; human validation pending"
68,236384:596762,aapc,236384,False,NC Medicaid Telehealth Codes,payer_health_plan,72,highly_relevant,indirect,contact,high,recurring,L1,high,high,True,high,"NC Medicaid telehealth denials over place-of-service and modifier combinations, and talking to the payer directly has not helped. Exhausting the obvious channel is the strongest implicit buying signal available.","model-proposed, blind to pipeline scores; human validation pending"
69,236384:597111,aapc,236384,True,,payer_health_plan,28,somewhat,promotion,monitor,none,one_off,L0,medium,low,True,low,"Long, partly garbled reply listing telehealth code ranges.","model-proposed, blind to pipeline scores; human validation pending"
70,236386:596770,aapc,236386,False,PAE,interventional_radiology,38,relevant,promotion,educate,low,one_off,L1,medium,medium,True,medium,Building an internal education folder for prostate artery embolization coding. Training-gap signal.,"model-proposed, blind to pipeline scores; human validation pending"
71,236390:596776,aapc,236390,False,"A0998, Ambulance response and treatment, no transport questions",medicare_regulations,58,relevant,indirect,respond,high,recurring,L1,medium,medium,True,high,Describes the situation as maddening after looking at over 100 websites with conflicting information. Extreme documented effort on an unresolved question.,"model-proposed, blind to pipeline scores; human validation pending"
72,236390:596989,aapc,236390,True,,medicare_regulations,52,relevant,indirect,respond,medium,recurring,L1,medium,medium,True,high,Bumping their own unanswered question. Unanswered-and-escalating is a distinct opportunity shape the forum makes visible.,"model-proposed, blind to pipeline scores; human validation pending"
73,236415:596831,aapc,236415,False,Medicare/Medicaid SLMB patient responsibility,medicare_regulations,48,relevant,indirect,educate,low,recurring,L1,medium,medium,True,medium,Whether a savings-program patient can be billed after a secondary denial. Real collections and compliance stakes.,"model-proposed, blind to pipeline scores; human validation pending"
74,236415:596834,aapc,236415,True,,medicare_regulations,25,somewhat,promotion,monitor,none,one_off,L0,medium,low,True,medium,Clear explanation of the Medicare savings programs.,"model-proposed, blind to pipeline scores; human validation pending"
75,236449:596907,aapc,236449,False,36246 OR 36247 FOR MEDIAN SACRAL ARTERY ANGIOGRAPHY FOR SPINAL ISSUE,interventional_radiology,25,somewhat,monitoring,monitor,low,one_off,L1,low,low,True,medium,Short catheter code selection question.,"model-proposed, blind to pipeline scores; human validation pending"
76,236466:596957,aapc,236466,False,Wrist or hand procedure?,orthopaedics,50,relevant,indirect,educate,medium,recurring,L1,medium,medium,True,high,Surgeon insisting on billing a hand code eight times against the coder judgement. Repeated overbilling pressure.,"model-proposed, blind to pipeline scores; human validation pending"
77,236466:596973,aapc,236466,True,,orthopaedics,25,somewhat,promotion,monitor,none,one_off,L0,medium,low,True,medium,Expert reassigns the case to wrist codes.,"model-proposed, blind to pipeline scores; human validation pending"
78,236466:597060,aapc,236466,True,,orthopaedics,8,not_relevant,none,ignore,none,one_off,none,none,low,True,high,Thank-you.,"model-proposed, blind to pipeline scores; human validation pending"
79,236470:596963,aapc,236470,False,How are others handling access to medical records for pre-payment medical bill reviews?,general_discussion,35,relevant,market_intel,payer_intel,medium,recurring,L1,low,low,False,high,"Payer-side payment integrity vendor asking how to get records from providers. Not a prospect and arguably an adversary, but valuable insight into pre-payment review tactics.","model-proposed, blind to pipeline scores; human validation pending"
80,236471:596964,aapc,236471,False,"Arthroscopic assisted AC Joint Reconstruction, unlisted code?",orthopaedics,35,relevant,indirect,monitor,low,one_off,L1,medium,low,True,medium,Unlisted code versus 23550 for an arthroscopically assisted reconstruction.,"model-proposed, blind to pipeline scores; human validation pending"
81,236471:596972,aapc,236471,True,,orthopaedics,22,somewhat,promotion,monitor,none,one_off,L0,medium,low,True,medium,Expert assigns 23552 and rules out a modifier 22.,"model-proposed, blind to pipeline scores; human validation pending"
82,236477:596981,aapc,236477,False,Pulmonary thrombolysis / thrombectomy,interventional_radiology,32,somewhat,monitoring,monitor,low,one_off,L1,medium,low,True,medium,Bilateral pulmonary thrombolysis coding question.,"model-proposed, blind to pipeline scores; human validation pending"
83,236480:596986,aapc,236480,False,wrvu,general_discussion,42,relevant,indirect,educate,low,recurring,L1,medium,medium,True,medium,Work RVU treatment of bilateral injections. Affects provider compensation and contract modelling.,"model-proposed, blind to pipeline scores; human validation pending"
84,236480:596998,aapc,236480,True,,general_discussion,30,somewhat,promotion,monitor,none,one_off,L0,medium,low,True,medium,Thorough work RVU explanation noting payer and contract variation.,"model-proposed, blind to pipeline scores; human validation pending"
85,236480:597019,aapc,236480,True,,general_discussion,8,not_relevant,none,ignore,none,one_off,none,none,low,True,high,Thank-you.,"model-proposed, blind to pipeline scores; human validation pending"
86,236509:597050,aapc,236509,False,PCS supplement code question in hernias,general_discussion,35,relevant,indirect,educate,low,one_off,L1,medium,low,True,medium,Procedure-coding-system supplement question for hernia repair with mesh.,"model-proposed, blind to pipeline scores; human validation pending"
87,236514:597064,aapc,236514,False,Uniform LCD for peripheral nerve injections and RFA for chronic pain management,anesthesia,70,highly_relevant,market_intel,payer_intel,medium,recurring,L0,high,high,True,high,"Four contractors releasing a uniform coverage determination for peripheral nerve procedures in chronic pain, with an effective date. The highest-value pain-management market intelligence in the corpus despite zero seeking language.","model-proposed, blind to pipeline scores; human validation pending"
88,236527:597086,aapc,236527,False,93294 AND 93296 DENYING AS POS PER MEDICARE,medicare_regulations,74,highly_relevant,indirect,contact,high,recurring,L1,high,high,True,high,"Cardiology provider seeing an influx of place-of-service denials on device interrogation codes. Names specialty, codes, payer, place of service and the root cause.","model-proposed, blind to pipeline scores; human validation pending"
89,236536:597114,aapc,236536,False,90966 with Modifier 52,billing_reimbursement,44,relevant,indirect,educate,low,recurring,L1,medium,medium,True,medium,Nephrology practice asking about a reduced-services modifier on monthly dialysis visits. Recurring monthly revenue question.,"model-proposed, blind to pipeline scores; human validation pending"
90,236539:597119,aapc,236539,False,CPT 95165,billing_reimbursement,76,highly_relevant,indirect,contact,high,recurring,L1,high,high,True,high,"Two named payers requesting records for allergy serum claims that structurally have no office note, denials continuing, and the biller says they are at a loss. Explicit defeat plus named payers.","model-proposed, blind to pipeline scores; human validation pending"
91,236540:597121,aapc,236540,False,DOES ANYONE IN CA. HAVE EXPERIENCE WITH ENTERAL NUTRITION CROSSOVER CLAIMS?,billing_reimbursement,70,highly_relevant,indirect,contact,high,recurring,L1,high,medium,True,high,The same crossover problem raised as its own thread. Structural inability to collect the secondary portion on formula codes.,"model-proposed, blind to pipeline scores; human validation pending"
92,236541:597122,aapc,236541,False,Modifier for 98943,billing_reimbursement,24,somewhat,monitoring,monitor,low,one_off,L1,low,low,True,medium,Chiropractic modifier question.,"model-proposed, blind to pipeline scores; human validation pending"
93,236542:597123,aapc,236542,False,63047 denials that do not make sense.,orthopaedics,76,highly_relevant,indirect,contact,high,recurring,L1,high,high,True,high,"Critical access hospital with repeated 63047 rejections and the payer giving demonstrably wrong guidance on the phone. Facility type, codes, payer and a failed payer interaction all present.","model-proposed, blind to pipeline scores; human validation pending"
94,25078:78736,aapc,25078,False,Dural Repair,orthopaedics,30,somewhat,monitoring,monitor,low,one_off,L1,medium,low,True,medium,Whether dural repair is separately billable with fusion.,"model-proposed, blind to pipeline scores; human validation pending"
95,25078:78756,aapc,25078,True,,orthopaedics,30,somewhat,market_intel,monitor,none,one_off,L0,low,medium,False,high,Answer from a named consulting firm. Competitor presence and positioning on this forum.,"model-proposed, blind to pipeline scores; human validation pending"
96,25078:78759,aapc,25078,True,,orthopaedics,20,somewhat,promotion,monitor,none,one_off,L0,medium,low,True,medium,Citation on dural leak repair bundling.,"model-proposed, blind to pipeline scores; human validation pending"
97,25078:78763,aapc,25078,True,,orthopaedics,5,not_relevant,none,ignore,none,one_off,none,none,low,True,high,Courtesy reply.,"model-proposed, blind to pipeline scores; human validation pending"
98,25078:78870,aapc,25078,True,,orthopaedics,3,not_relevant,none,ignore,none,one_off,none,none,low,True,high,Thank-you.,"model-proposed, blind to pipeline scores; human validation pending"
99,25078:487991,aapc,25078,True,,orthopaedics,35,relevant,indirect,educate,low,one_off,L1,medium,low,True,medium,Whether a modifier 22 applies for two durotomies. Real reimbursement uplift question.,"model-proposed, blind to pipeline scores; human validation pending"
100,25078:597099,aapc,25078,True,,orthopaedics,25,somewhat,monitoring,monitor,low,one_off,L1,low,low,False,high,"Question from an offshore RCM vendor employee. Competitor staff, not a prospect.","model-proposed, blind to pipeline scores; human validation pending"
101,25078:597100,aapc,25078,True,,orthopaedics,20,somewhat,promotion,monitor,none,one_off,L0,medium,low,True,medium,Quotes the policy manual chapter on dural leak repair.,"model-proposed, blind to pipeline scores; human validation pending"
102,25078:597138,aapc,25078,True,,orthopaedics,35,relevant,indirect,educate,low,one_off,L1,medium,low,True,medium,"Clarifies the scenario is a staged return, not intraoperative. Still unresolved and materially affects payment.","model-proposed, blind to pipeline scores; human validation pending"
103,7507866408840630272,linkedin,7507866408840630272,False,,,18,somewhat,promotion,monitor,none,one_off,L0,low,low,False,high,"Competitor educational infographic on payer types. Marketing content, no author problem.","model-proposed, blind to pipeline scores; human validation pending"
104,7508180505301798912,linkedin,7508180505301798912,False,,,15,somewhat,none,ignore,none,one_off,L0,low,low,False,high,Competitor RCM firm thought-leadership post with contact details. Pure outbound marketing.,"model-proposed, blind to pipeline scores; human validation pending"
105,7508180876829089792,linkedin,7508180876829089792,False,,,15,somewhat,none,ignore,none,one_off,L0,low,low,False,high,Verbatim duplicate of the previous post. Deduplication failure as much as a content issue.,"model-proposed, blind to pipeline scores; human validation pending"
106,7508270551371550721,linkedin,7508270551371550721,False,,,40,relevant,market_intel,payer_intel,none,one_off,L0,medium,medium,False,high,"Competitor marketing, but carries genuine market intelligence: health systems dropping Medicare Advantage over prior-authorization burden and denial rates.","model-proposed, blind to pipeline scores; human validation pending"
107,7508285345655054336,linkedin,7508285345655054336,False,,,25,somewhat,monitoring,monitor,medium,recurring,L0,low,low,False,medium,"Job posting for an RCM specialist. Indirectly signals a plastic surgery practice with high-dollar claims sitting in accounts receivable, but it is a staffing advert.","model-proposed, blind to pipeline scores; human validation pending"
108,7508440054151684096,linkedin,7508440054151684096,False,,,8,not_relevant,none,ignore,none,one_off,L0,none,low,False,high,"Human-interest story about a nurse and her daughter, with billing hashtags bolted on.","model-proposed, blind to pipeline scores; human validation pending"
109,7508442707116187648,linkedin,7508442707116187648,False,,,20,somewhat,market_intel,monitor,none,one_off,L0,low,low,False,high,Lead-generation pitch aimed at healthcare AI vendors. Mentions prior-authorization denials but sells to a different market.,"model-proposed, blind to pipeline scores; human validation pending"
110,7508452696669044736,linkedin,7508452696669044736,False,,,35,relevant,promotion,respond,low,one_off,L1,medium,medium,False,medium,"Curated payer authorization resources for behavioral analysis providers, explicitly asking the audience what to add. An engaged niche audience and a credible place to demonstrate expertise.","model-proposed, blind to pipeline scores; human validation pending"
111,7508454151522197504,linkedin,7508454151522197504,False,,,0,not_relevant,none,ignore,none,one_off,none,none,low,False,high,Procurement engineer job advert in India. Entirely off-domain.,"model-proposed, blind to pipeline scores; human validation pending"
112,7508454860871286784,linkedin,7508454860871286784,False,,,38,relevant,market_intel,payer_intel,none,one_off,L0,medium,medium,False,high,Substantive summary of the electronic prior-authorization API mandate and its workflow implications. Useful forward-looking market intelligence.,"model-proposed, blind to pipeline scores; human validation pending"
113,7508458234157027328,linkedin,7508458234157027328,False,,,0,not_relevant,none,ignore,none,one_off,none,none,low,False,high,Generic vendor-management job description. Off-domain.,"model-proposed, blind to pipeline scores; human validation pending"
114,7508460867655606272,linkedin,7508460867655606272,False,,,0,not_relevant,none,ignore,none,one_off,none,none,low,False,high,Third-party risk management portfolio project. Off-domain.,"model-proposed, blind to pipeline scores; human validation pending"
115,7508462205407973376,linkedin,7508462205407973376,False,,,2,not_relevant,none,ignore,none,one_off,none,none,low,False,high,Electronic invoicing vendor lead magnet. Off-domain.,"model-proposed, blind to pipeline scores; human validation pending"
116,7508467768917295104,linkedin,7508467768917295104,False,,,0,not_relevant,none,ignore,none,one_off,none,none,low,False,high,Software vendor celebrating an analyst ranking. Off-domain.,"model-proposed, blind to pipeline scores; human validation pending"
117,7508471881587658752,linkedin,7508471881587658752,False,,,16,somewhat,promotion,monitor,none,one_off,L0,low,low,False,high,Competitor educational post on prior authorization. Marketing content.,"model-proposed, blind to pipeline scores; human validation pending"
118,7508480009964179456,linkedin,7508480009964179456,False,,,0,not_relevant,none,ignore,none,one_off,none,none,low,False,high,Purchase executive job advert in India. Off-domain.,"model-proposed, blind to pipeline scores; human validation pending"
119,7508480031162134528,linkedin,7508480031162134528,False,,,0,not_relevant,none,ignore,none,one_off,none,none,low,False,high,Climate nonprofit rebrand announcement. Off-domain.,"model-proposed, blind to pipeline scores; human validation pending"
120,7508480042339823617,linkedin,7508480042339823617,False,,,30,somewhat,market_intel,investigate,none,one_off,L0,low,medium,False,high,"A direct competitor pitching a contingency-based accounts receivable pilot to labs. No opportunity as a lead, but clear competitive intelligence on their offer and pricing model.","model-proposed, blind to pipeline scores; human validation pending"
121,7508480179653201920,linkedin,7508480179653201920,False,,,0,not_relevant,none,ignore,none,one_off,none,none,low,False,high,Materials weathering test chambers. Off-domain.,"model-proposed, blind to pipeline scores; human validation pending"
122,7508480184124178432,linkedin,7508480184124178432,False,,,0,not_relevant,none,ignore,none,one_off,none,none,low,False,high,Manufacturing sustainability programme. Off-domain.,"model-proposed, blind to pipeline scores; human validation pending"
123,7508480212616155136,linkedin,7508480212616155136,False,,,0,not_relevant,none,ignore,none,one_off,none,none,low,False,high,Road construction site engineer update. Off-domain.,"model-proposed, blind to pipeline scores; human validation pending"
124,7508480241493954561,linkedin,7508480241493954561,False,,,0,not_relevant,none,ignore,none,one_off,none,none,low,False,high,Property boundary survey advice. Off-domain.,"model-proposed, blind to pipeline scores; human validation pending"
125,7508480255662202881,linkedin,7508480255662202881,False,,,42,relevant,market_intel,payer_intel,none,one_off,L0,medium,medium,False,high,"Analysis of a clinical documentation industry survey: clinical validation denials concentrated in specific diagnoses. Real, citable market intelligence on denial drivers.","model-proposed, blind to pipeline scores; human validation pending"
126,7508480285802426368,linkedin,7508480285802426368,False,,,0,not_relevant,none,ignore,none,one_off,none,none,low,False,high,Charity mobility equipment appeal. Off-domain.,"model-proposed, blind to pipeline scores; human validation pending"
127,7508480289128587265,linkedin,7508480289128587265,False,,,5,not_relevant,none,ignore,none,one_off,none,none,low,False,high,Clinician recruitment advert. Off-domain for billing services.,"model-proposed, blind to pipeline scores; human validation pending"
128,7508480302051221504,linkedin,7508480302051221504,False,,,36,relevant,market_intel,payer_intel,none,one_off,L0,medium,medium,False,high,Cites a survey of 360 independent practice leaders on manual work as a barrier. Usable statistic and a credible content angle.,"model-proposed, blind to pipeline scores; human validation pending"
129,7508480308342693888,linkedin,7508480308342693888,False,,,0,not_relevant,none,ignore,none,one_off,none,none,low,False,high,Charity donor segmentation advice. Off-domain.,"model-proposed, blind to pipeline scores; human validation pending"
130,7508480356493221888,linkedin,7508480356493221888,False,,,0,not_relevant,none,ignore,none,one_off,none,none,low,False,high,School inclusion strategy. Off-domain.,"model-proposed, blind to pipeline scores; human validation pending"
131,7508480386637799424,linkedin,7508480386637799424,False,,,0,not_relevant,none,ignore,none,one_off,none,none,low,False,high,Structural engineering firm rebrand. Off-domain.,"model-proposed, blind to pipeline scores; human validation pending"
132,7508480392073465856,linkedin,7508480392073465856,False,,,0,not_relevant,none,ignore,none,one_off,none,none,low,False,high,Duplicate purchase executive job advert. Off-domain and a duplicate.,"model-proposed, blind to pipeline scores; human validation pending"
133,1vfddl7,reddit,1vfddl7,False,MD from Dominican Republic transitioning to remote Medical Billing.,CodingandBilling,10,borderline,none,ignore,none,one_off,L1,none,low,False,high,"Overseas physician seeking remote billing work. A job seeker, not a practice.","model-proposed, blind to pipeline scores; human validation pending"
134,1vfiji8,reddit,1vfiji8,False,Anybody do the certification through AAPC website for CPC?,CodingandBilling,5,not_relevant,none,ignore,none,one_off,L1,none,low,False,high,Certification study timeline question.,"model-proposed, blind to pipeline scores; human validation pending"
135,1vr3ncs,reddit,1vr3ncs,False,Medical billers — how do you actually handle a CO-16 corrected claim?,CodingandBilling,48,relevant,promotion,respond,medium,recurring,L1,high,medium,False,medium,"Detailed question on how billers rework a specific denial code, asking for real time costs. Reads like market research rather than a practice in pain, but it surfaces genuine rework burden and an engaged audience.","model-proposed, blind to pipeline scores; human validation pending"
136,1vr3umd,reddit,1vr3umd,False,How do you actually rework a CO-16 corrected claim — what's your process?,CodingandBilling,48,relevant,promotion,respond,medium,recurring,L1,high,medium,False,medium,"Near-verbatim duplicate of the previous post. Same value, and evidence that deduplication is not catching cross-post variants.","model-proposed, blind to pipeline scores; human validation pending"
137,1wirqon,reddit,1wirqon,False,Where does Charlotte get the time?,PrivatePractice,0,not_relevant,none,ignore,none,one_off,none,none,low,False,high,Television show discussion. The subreddit name collides with the business term.,"model-proposed, blind to pipeline scores; human validation pending"
138,1wivaik,reddit,1wivaik,False,realized i dont actually like the show,PrivatePractice,0,not_relevant,none,ignore,none,one_off,none,none,low,False,high,Television show discussion.,"model-proposed, blind to pipeline scores; human validation pending"
139,1wj0fov,reddit,1wj0fov,False,Finally made it to Amelia…,PrivatePractice,0,not_relevant,none,ignore,none,one_off,none,none,low,False,high,Television show discussion.,"model-proposed, blind to pipeline scores; human validation pending"
140,1wk290u,reddit,1wk290u,False,Poor Betsy,PrivatePractice,0,not_relevant,none,ignore,none,one_off,none,none,low,False,high,Television show discussion.,"model-proposed, blind to pipeline scores; human validation pending"
141,1wks93c,reddit,1wks93c,False,How/Where to access Coding Clinics?,MedicalCoding,22,somewhat,monitoring,monitor,low,one_off,L1,low,low,True,medium,Coder cannot afford paid coding reference access. Weak signal of an under-resourced employer.,"model-proposed, blind to pipeline scores; human validation pending"
142,1wm177o,reddit,1wm177o,False,Season 4 Episode 21 (spoilers),PrivatePractice,0,not_relevant,none,ignore,none,one_off,none,none,low,False,high,Television show discussion.,"model-proposed, blind to pipeline scores; human validation pending"
143,1wmyps7,reddit,1wmyps7,False,Do you think it's possible in the current state of the profession to be a safe NP?,medicine,0,not_relevant,none,ignore,none,one_off,none,none,low,False,high,"Scope-of-practice debate. Clinical, not revenue cycle.","model-proposed, blind to pipeline scores; human validation pending"
144,1wn89v6,reddit,1wn89v6,False,How does it look to hold a RHIT & CCA?,MedicalCoding,5,not_relevant,none,ignore,none,one_off,L1,none,low,False,high,Certification choice question from a student.,"model-proposed, blind to pipeline scores; human validation pending"
145,1wn8uoi,reddit,1wn8uoi,False,New moderators needed! Comment on this post to apply for this community.,CodingandBilling,0,not_relevant,none,ignore,none,one_off,none,none,low,False,high,Subreddit moderator recruitment.,"model-proposed, blind to pipeline scores; human validation pending"
146,1wn9sre,reddit,1wn9sre,False,New MFN deal details reignite concerns that Trump's pricing policy favors pharma,medicine,3,not_relevant,none,ignore,none,one_off,L0,none,low,False,high,Pharmaceutical pricing policy commentary.,"model-proposed, blind to pipeline scores; human validation pending"
147,1wncgn7,reddit,1wncgn7,False,Should I specialize or do codify?,MedicalCoding,5,not_relevant,none,ignore,none,one_off,L1,none,low,False,high,Career specialisation question.,"model-proposed, blind to pipeline scores; human validation pending"
148,1wnd9z6,reddit,1wnd9z6,False,Wound Coders,MedicalCoding,58,relevant,indirect,educate,medium,recurring,L1,high,medium,True,high,"Self-taught wound coder is the sole in-house authority with nobody to ask, and suspects a year of incorrect graft billing. A documented competency gap with real retrospective exposure.","model-proposed, blind to pipeline scores; human validation pending"
149,1wnfvwf,reddit,1wnfvwf,False,Houston MA,MedicalAssistant,0,not_relevant,none,ignore,none,one_off,none,none,low,False,high,Career advice for a student medical assistant.,"model-proposed, blind to pipeline scores; human validation pending"
150,1wnj6wg,reddit,1wnj6wg,False,On the job education,MedicalCoding,52,relevant,promotion,educate,medium,recurring,L1,high,medium,True,high,"Coder moved to a smaller employer that funds no coding education, and says the coders there have suffered for it. An identified practice-level competency gap and an education entry point.","model-proposed, blind to pipeline scores; human validation pending"
151,1wnmaox,reddit,1wnmaox,False,Appropriate disability coverage and cost?,medicine,0,not_relevant,none,ignore,none,one_off,L1,none,low,False,high,Personal disability insurance planning.,"model-proposed, blind to pipeline scores; human validation pending"
152,1wnms9i,reddit,1wnms9i,False,how effed am i?,MedicalAssistant,0,not_relevant,none,ignore,none,one_off,none,none,low,False,high,Clinical error anxiety. No revenue dimension.,"model-proposed, blind to pipeline scores; human validation pending"
153,1wnoalg,reddit,1wnoalg,False,Patients not wanting to follow up for visit to review abnormal results….?,FamilyMedicine,20,somewhat,monitoring,monitor,low,one_off,L0,low,low,True,medium,Physician frustrated about unbilled time spent on results outside a visit. Touches reimbursement but is a workflow complaint.,"model-proposed, blind to pipeline scores; human validation pending"
154,1wnopgw,reddit,1wnopgw,False,Is anybody else sickened by the way American Healthcare allocates resources?,FamilyMedicine,2,not_relevant,none,ignore,none,one_off,none,none,low,False,high,Healthcare resource allocation opinion piece.,"model-proposed, blind to pipeline scores; human validation pending"
155,1wnpdnj,reddit,1wnpdnj,False,Need urgent help w/ picking a stethoscope,MedicalAssistant,0,not_relevant,none,ignore,none,one_off,none,none,low,False,high,Stethoscope purchasing advice.,"model-proposed, blind to pipeline scores; human validation pending"
156,1wnphgu,reddit,1wnphgu,False,Recommendation: Penn Primary Care Podcast,FamilyMedicine,0,not_relevant,none,ignore,none,one_off,none,none,low,False,high,Podcast recommendation.,"model-proposed, blind to pipeline scores; human validation pending"
157,1wnt2ku,reddit,1wnt2ku,False,Has anyone here ever transitioned from Cerner to Epic?,medicine,30,somewhat,monitoring,monitor,low,one_off,L0,medium,medium,True,medium,"Health system migrating from one electronic record to another. No billing complaint, but system conversions reliably disrupt the revenue cycle and are a genuine timing signal worth tracking.","model-proposed, blind to pipeline scores; human validation pending"
158,1wntvee,reddit,1wntvee,False,Pre-op,FamilyMedicine,5,not_relevant,none,ignore,none,one_off,L0,none,low,True,medium,Complaint about unnecessary pre-operative testing. Clinical.,"model-proposed, blind to pipeline scores; human validation pending"
159,1wnvkph,reddit,1wnvkph,False,What doors does medical assisting open in the future?,MedicalAssistant,0,not_relevant,none,ignore,none,one_off,none,none,low,False,high,Career pathway question.,"model-proposed, blind to pipeline scores; human validation pending"
160,1wnwmxw,reddit,1wnwmxw,False,What’s my probability of getting into an apprenticeship? 👀,MedicalAssistant,0,not_relevant,none,ignore,none,one_off,none,none,low,False,high,Apprenticeship prospects question.,"model-proposed, blind to pipeline scores; human validation pending"
161,1wnwqeu,reddit,1wnwqeu,False,What would you do in my situation?,therapists,18,borderline,monitoring,monitor,medium,recurring,L1,low,low,True,medium,"Associate therapist not getting enough referrals because the group practice does no marketing. A practice growth problem, adjacent to but not actually revenue cycle.","model-proposed, blind to pipeline scores; human validation pending"
162,1wnxp4z,reddit,1wnxp4z,False,Silly chair question,therapists,0,not_relevant,none,ignore,none,one_off,none,none,low,False,high,Office furniture question.,"model-proposed, blind to pipeline scores; human validation pending"
163,1wnxq56,reddit,1wnxq56,False,Marketing myself when at two practices with two different contact details?,therapists,12,borderline,monitoring,monitor,low,one_off,L1,low,low,True,medium,"Therapist working across two clinics asking how to handle marketing contact details. Private practice operations, not billing.","model-proposed, blind to pipeline scores; human validation pending"
164,1wnzn5c,reddit,1wnzn5c,False,Rate This Offer,FamilyMedicine,15,borderline,monitoring,monitor,none,one_off,L0,low,low,True,medium,Physician comparing employment offers with work RVU and value-based terms. Only weakly connected to revenue cycle services.,"model-proposed, blind to pipeline scores; human validation pending"
165,1wnzyw4,reddit,1wnzyw4,False,"Regarding marathon sleep deprivation, in medical work contexts",medicine,0,not_relevant,none,ignore,none,one_off,none,none,low,False,high,Discussion of sleep deprivation in medical training.,"model-proposed, blind to pipeline scores; human validation pending"
166,1wo0j07,reddit,1wo0j07,False,Couples Therapy - When a Partner Attends but Doesn’t Engage: What Has Helped You?,therapists,0,not_relevant,none,ignore,none,one_off,L1,none,low,False,high,"Couples therapy engagement question. The word denial appears in its psychological sense, not a claims sense.","model-proposed, blind to pipeline scores; human validation pending"
167,1wo1kzo,reddit,1wo1kzo,False,The Miracle question. Who finds it unhelpful and even demeaning?,therapists,0,not_relevant,none,ignore,none,one_off,none,none,low,False,high,Therapy technique opinion question.,"model-proposed, blind to pipeline scores; human validation pending"
